episode_id,true_failure,episode_progress,score_mean_across_3_seeds
12,0,0.0,5.855673205582927e-09
12,0,0.25,9.294640908782034e-09
12,0,0.5,1.5596548941232413e-08
12,0,0.75,3.717798402469441e-09
12,0,1.0,1.3848826381964349e-08
14,0,0.0,6.431254787978939e-09
14,0,0.25,5.606337616370638e-09
14,0,0.5,4.8614297772549735e-09
14,0,0.75,5.947625873285271e-09
14,0,1.0,1.5274370509151442e-08
50,0,0.0,1.2072745914082361e-08
50,0,0.25,7.262859350968635e-09
50,0,0.5,4.48857299476894e-09
50,0,0.75,4.256997199192369e-09
50,0,1.0,1.977763760171077e-08
58,0,0.0,9.302048464832069e-09
58,0,0.25,4.719464152813657e-09
58,0,0.5,7.3262627076076114e-09
58,0,0.75,4.513243704688345e-09
58,0,1.0,1.3703518320085095e-08
77,0,0.0,8.953125352206825e-09
77,0,0.25,5.3685810611862434e-09
77,0,0.5,5.683656138325925e-09
77,0,0.75,3.924366479927481e-09
77,0,1.0,6.442954614271912e-09
88,0,0.0,9.76406333563773e-09
88,0,0.25,4.808870338971853e-09
88,0,0.5,8.595297658805142e-09
88,0,0.75,4.910102768818092e-09
88,0,1.0,1.2541190160438495e-08
96,0,0.0,9.273834885211349e-09
96,0,0.25,4.903693229252326e-09
96,0,0.5,7.690329558348216e-09
96,0,0.75,5.2150423239064976e-09
96,0,1.0,1.4361055307906176e-08
103,0,0.0,1.0777701101953122e-08
103,0,0.25,7.573193331703957e-09
103,0,0.5,5.079350125688127e-09
103,0,0.75,3.9948307624844875e-09
103,0,1.0,7.87211303550824e-09
108,0,0.0,1.0015553275621869e-08
108,0,0.25,4.8763059516214e-09
108,0,0.5,1.0127639985905526e-08
108,0,0.75,4.800414288297361e-09
108,0,1.0,1.500932563421505e-08
109,0,0.0,1.4564193850929996e-08
109,0,0.25,5.857177409751557e-09
109,0,0.5,6.768909136904237e-09
109,0,0.75,4.600627286540278e-09
109,0,1.0,1.5232758758069547e-08
114,0,0.0,1.7636742880948002e-08
114,0,0.25,6.317980139058932e-09
114,0,0.5,4.103222724557061e-09
114,0,0.75,5.136760054350968e-09
114,0,1.0,1.8480974972590047e-08
118,0,0.0,1.6007311476329278e-08
118,0,0.25,6.523219446089949e-09
118,0,0.5,3.44896859220493e-09
118,0,0.75,1.0531806093894147e-08
118,0,1.0,1.7845205313449242e-08
120,0,0.0,1.2534697872249959e-08
120,0,0.25,5.941427942227999e-09
120,0,0.5,4.342815070520108e-09
120,0,0.75,4.312975291724068e-09
120,0,1.0,1.514125506455836e-08
138,1,0.0,1.0
138,1,0.25,1.0
138,1,0.5,1.0
138,1,0.75,1.0
138,1,1.0,1.0
148,1,0.0,1.0
148,1,0.25,1.0
148,1,0.5,1.0
148,1,0.75,1.0
148,1,1.0,1.0
150,1,0.0,1.0
150,1,0.25,1.0
150,1,0.5,1.0
150,1,0.75,1.0
150,1,1.0,1.0
163,1,0.0,1.0
163,1,0.25,1.0
163,1,0.5,1.0
163,1,0.75,1.0
163,1,1.0,1.0
165,1,0.0,1.0
165,1,0.25,1.0
165,1,0.5,1.0
165,1,0.75,1.0
165,1,1.0,1.0
