row,episode_id,true_failure,episode_length_frames,episode_progress,failure_score,seed
1,150,1,150,0.0,1.0,3072
1,150,1,150,0.25,1.0,3072
1,150,1,150,0.5,1.0,3072
1,150,1,150,0.75,1.0,3072
1,150,1,150,1.0,1.0,3072
2,165,1,176,0.0,1.0,3072
2,165,1,176,0.25,1.0,3072
2,165,1,176,0.5,1.0,3072
2,165,1,176,0.75,1.0,3072
2,165,1,176,1.0,1.0,3072
3,163,1,203,0.0,1.0,3072
3,163,1,203,0.25,1.0,3072
3,163,1,203,0.5,1.0,3072
3,163,1,203,0.75,1.0,3072
3,163,1,203,1.0,1.0,3072
4,148,1,226,0.0,1.0,3072
4,148,1,226,0.25,1.0,3072
4,148,1,226,0.5,1.0,3072
4,148,1,226,0.75,1.0,3072
4,148,1,226,1.0,1.0,3072
5,138,1,237,0.0,1.0,3072
5,138,1,237,0.25,1.0,3072
5,138,1,237,0.5,1.0,3072
5,138,1,237,0.75,1.0,3072
5,138,1,237,1.0,1.0,3072
6,77,0,118,0.0,7.607684260335645e-09,3072
6,77,0,118,0.25,4.67572514040171e-09,3072
6,77,0,118,0.5,6.289357035171861e-09,3072
6,77,0,118,0.75,6.15981765594853e-10,3072
6,77,0,118,1.0,4.707995326924674e-09,3072
7,103,0,135,0.0,6.685912268267202e-09,3072
7,103,0,135,0.25,9.159918157308766e-09,3072
7,103,0,135,0.5,4.103098305563435e-09,3072
7,103,0,135,0.75,6.730627166717795e-10,3072
7,103,0,135,1.0,6.415298958728499e-09,3072
8,109,0,159,0.0,6.931209828309193e-09,3072
8,109,0,159,0.25,3.797786973791517e-09,3072
8,109,0,159,0.5,9.564367076109193e-09,3072
8,109,0,159,0.75,1.7006245300876799e-09,3072
8,109,0,159,1.0,1.1900572971512702e-08,3072
9,96,0,163,0.0,8.275738316854131e-09,3072
9,96,0,163,0.25,2.4051867164587293e-09,3072
9,96,0,163,0.5,1.1209509764853465e-08,3072
9,96,0,163,0.75,3.1537708000684006e-09,3072
9,96,0,163,1.0,1.17531362420209e-08,3072
10,12,0,164,0.0,3.2895266510735155e-09,3072
10,12,0,164,0.25,1.7923101225392202e-08,3072
10,12,0,164,0.5,3.647055990541048e-08,3072
10,12,0,164,0.75,6.974797406300581e-10,3072
10,12,0,164,1.0,8.354386515918577e-09,3072
11,88,0,168,0.0,7.744337615633867e-09,3072
11,88,0,168,0.25,2.387926523184092e-09,3072
11,88,0,168,0.5,1.4375847179337597e-08,3072
11,88,0,168,0.75,1.883238676114729e-09,3072
11,88,0,168,1.0,9.34223809423429e-09,3072
12,118,0,168,0.0,6.4446230574333185e-09,3072
12,118,0,168,0.25,4.140859655166196e-09,3072
12,118,0,168,0.5,7.653335742929812e-10,3072
12,118,0,168,0.75,1.629018520077352e-08,3072
12,118,0,168,1.0,1.746958666615228e-08,3072
13,108,0,169,0.0,7.675004631835236e-09,3072
13,108,0,169,0.25,2.253924380468675e-09,3072
13,108,0,169,0.5,1.876284017043872e-08,3072
13,108,0,169,0.75,1.9110426574542316e-09,3072
13,108,0,169,1.0,1.0111007142654671e-08,3072
14,58,0,173,0.0,6.535332719437292e-09,3072
14,58,0,173,0.25,2.3832218420949403e-09,3072
14,58,0,173,0.5,1.0403649497447987e-08,3072
14,58,0,173,0.75,1.3553467237414907e-09,3072
14,58,0,173,1.0,9.411470713871495e-09,3072
15,14,0,184,0.0,4.769892480993576e-09,3072
15,14,0,184,0.25,6.7704806205881596e-09,3072
15,14,0,184,0.5,4.272924236659037e-09,3072
15,14,0,184,0.75,4.797950481361113e-09,3072
15,14,0,184,1.0,1.2362864509896099e-08,3072
16,114,0,201,0.0,6.271567709603687e-09,3072
16,114,0,201,0.25,3.126823466814699e-09,3072
16,114,0,201,0.5,2.058709869245945e-09,3072
16,114,0,201,0.75,2.609924276697484e-09,3072
16,114,0,201,1.0,2.076540184248188e-08,3072
17,50,0,219,0.0,5.384632739691142e-09,3072
17,50,0,219,0.25,6.422363529878794e-09,3072
17,50,0,219,0.5,2.739557691811001e-09,3072
17,50,0,219,0.75,6.54064136185184e-10,3072
17,50,0,219,1.0,2.007460686570539e-08,3072
18,120,0,221,0.0,5.953746384790293e-09,3072
18,120,0,221,0.25,4.106057716057876e-09,3072
18,120,0,221,0.5,1.9595660649684987e-09,3072
18,120,0,221,0.75,8.421640607103598e-10,3072
18,120,0,221,1.0,1.3081245420210053e-08,3072
