model,curve,x,mean_y_across_seeds,ci95_low,ci95_high
Original WCM,roc,0.0,0.06666666666666667,0.0,0.4000000000000001
Original WCM,roc,0.01,0.06666666666666667,0.0,0.426
Original WCM,roc,0.02,0.06666666666666667,0.0,0.452
Original WCM,roc,0.03,0.06666666666666667,0.0,0.47804166666666686
Original WCM,roc,0.04,0.06666666666666667,0.0,0.504
Original WCM,roc,0.05,0.06666666666666667,0.0,0.5300833333333337
Original WCM,roc,0.06,0.06666666666666667,0.0,0.5690416666666668
Original WCM,roc,0.07,0.06666666666666667,0.0,0.6186666666666666
Original WCM,roc,0.08,0.072,0.0,0.6666666666666666
Original WCM,roc,0.09,0.08933333333333332,0.0,0.6666666666666666
Original WCM,roc,0.1,0.10666666666666667,0.0,0.6750416666666668
Original WCM,roc,0.11,0.124,0.0,0.6932208333333335
Original WCM,roc,0.12,0.1413333333333333,0.0,0.7120000000000001
Original WCM,roc,0.13,0.15866666666666668,0.0,0.7333333333333334
Original WCM,roc,0.14,0.17600000000000002,0.0,0.7554000000000002
Original WCM,roc,0.15,0.19333333333333333,0.0,0.7866666666666666
Original WCM,roc,0.16,0.216,0.0,0.8018000000000001
Original WCM,roc,0.17,0.24200000000000002,0.0,0.8140000000000001
Original WCM,roc,0.18,0.26799999999999996,0.0,0.8226666666666667
Original WCM,roc,0.19,0.294,0.0,0.8313333333333333
Original WCM,roc,0.2,0.32,0.0,0.8488888888888889
Original WCM,roc,0.21,0.3459999999999999,0.0,0.8640666666666669
Original WCM,roc,0.22,0.37200000000000005,0.0,0.8862333333333333
Original WCM,roc,0.23,0.39799999999999996,0.0,0.9108041666666672
Original WCM,roc,0.24,0.42399999999999993,0.013266666666666658,0.9218000000000001
Original WCM,roc,0.25,0.45,0.027638888888888918,0.9292708333333337
Original WCM,roc,0.26,0.476,0.039519444444444496,0.9333333333333332
Original WCM,roc,0.27,0.5020000000000001,0.04524583333333337,0.9346666666666668
Original WCM,roc,0.28,0.528,0.0544000000000001,0.952
Original WCM,roc,0.29,0.5539999999999999,0.058808333333333386,0.9693333333333333
Original WCM,roc,0.3,0.58,0.06325000000000001,0.9866666666666667
Original WCM,roc,0.31,0.602,0.0746666666666666,1.0
Original WCM,roc,0.32,0.6106666666666667,0.108,1.0
Original WCM,roc,0.33,0.6193333333333334,0.13395416666666668,1.0
Original WCM,roc,0.34,0.628,0.15166666666666667,1.0
Original WCM,roc,0.35000000000000003,0.6366666666666667,0.17500000000000004,1.0
Original WCM,roc,0.36,0.6453333333333333,0.1822222222222222,1.0
Original WCM,roc,0.37,0.654,0.18944444444444444,1.0
Original WCM,roc,0.38,0.6626666666666666,0.19666666666666668,1.0
Original WCM,roc,0.39,0.676,0.22377777777777777,1.0
Original WCM,roc,0.4,0.6933333333333334,0.25333333333333335,1.0
Original WCM,roc,0.41000000000000003,0.7106666666666667,0.28800000000000003,1.0
Original WCM,roc,0.42,0.7279999999999999,0.3073083333333333,1.0
Original WCM,roc,0.43,0.7453333333333333,0.3298916666666666,1.0
Original WCM,roc,0.44,0.7626666666666666,0.3333333333333333,1.0
Original WCM,roc,0.45,0.7799999999999999,0.3333333333333333,1.0
Original WCM,roc,0.46,0.7973333333333333,0.3333333333333333,1.0
Original WCM,roc,0.47000000000000003,0.8220000000000001,0.37033333333333335,1.0
Original WCM,roc,0.48,0.8479999999999999,0.41333333333333316,1.0
Original WCM,roc,0.49,0.874,0.44746250000000004,1.0
Original WCM,roc,0.5,0.9,0.4665,1.0
Original WCM,roc,0.51,0.926,0.4666666666666666,1.0
Original WCM,roc,0.52,0.9520000000000001,0.4666666666666666,1.0
Original WCM,roc,0.53,0.9780000000000001,0.4816666666666667,1.0
Original WCM,roc,0.54,1.0,0.5033333333333333,1.0
Original WCM,roc,0.55,1.0,0.5433333333333333,1.0
Original WCM,roc,0.56,1.0,0.5680000000000005,1.0
Original WCM,roc,0.5700000000000001,1.0,0.5913041666666672,1.0
Original WCM,roc,0.58,1.0,0.6106666666666666,1.0
Original WCM,roc,0.59,1.0,0.6443916666666667,1.0
Original WCM,roc,0.6,1.0,0.6533333333333333,1.0
Original WCM,roc,0.61,1.0,0.662,1.0
Original WCM,roc,0.62,1.0,0.6826666666666665,1.0
Original WCM,roc,0.63,1.0,0.7173333333333334,1.0
Original WCM,roc,0.64,1.0,0.7333333333333334,1.0
Original WCM,roc,0.65,1.0,0.7333333333333334,1.0
Original WCM,roc,0.66,1.0,0.75255,1.0
Original WCM,roc,0.67,1.0,0.7806666666666667,1.0
Original WCM,roc,0.68,1.0,0.7893333333333334,1.0
Original WCM,roc,0.6900000000000001,1.0,0.798,1.0
Original WCM,roc,0.7000000000000001,1.0,0.8100000000000002,1.0
Original WCM,roc,0.71,1.0,0.823,1.0
Original WCM,roc,0.72,1.0,0.836,1.0
Original WCM,roc,0.73,1.0,0.8639999999999999,1.0
Original WCM,roc,0.74,1.0,0.8879499999999999,1.0
Original WCM,roc,0.75,1.0,0.9166666666666666,1.0
Original WCM,roc,0.76,1.0,0.95988,1.0
Original WCM,roc,0.77,1.0,0.967,1.0
Original WCM,roc,0.78,1.0,0.9713333333333334,1.0
Original WCM,roc,0.79,1.0,0.9756666666666667,1.0
Original WCM,roc,0.8,1.0,0.98,1.0
Original WCM,roc,0.81,1.0,0.9843333333333334,1.0
Original WCM,roc,0.8200000000000001,1.0,0.9886666666666667,1.0
Original WCM,roc,0.8300000000000001,1.0,0.993,1.0
Original WCM,roc,0.84,1.0,0.9973333333333333,1.0
Original WCM,roc,0.85,1.0,1.0,1.0
Original WCM,roc,0.86,1.0,1.0,1.0
Original WCM,roc,0.87,1.0,1.0,1.0
Original WCM,roc,0.88,1.0,1.0,1.0
Original WCM,roc,0.89,1.0,1.0,1.0
Original WCM,roc,0.9,1.0,1.0,1.0
Original WCM,roc,0.91,1.0,1.0,1.0
Original WCM,roc,0.92,1.0,1.0,1.0
Original WCM,roc,0.93,1.0,1.0,1.0
Original WCM,roc,0.9400000000000001,1.0,1.0,1.0
Original WCM,roc,0.9500000000000001,1.0,1.0,1.0
Original WCM,roc,0.96,1.0,1.0,1.0
Original WCM,roc,0.97,1.0,1.0,1.0
Original WCM,roc,0.98,1.0,1.0,1.0
Original WCM,roc,0.99,1.0,1.0,1.0
Original WCM,roc,1.0,1.0,1.0,1.0
Original WCM,pr,0.0,1.0,1.0,1.0
Original WCM,pr,0.01,0.5555555555555555,0.19206247456247455,1.0
Original WCM,pr,0.02,0.5555555555555555,0.19206247456247455,1.0
Original WCM,pr,0.03,0.5555555555555555,0.19206247456247455,1.0
Original WCM,pr,0.04,0.5555555555555555,0.19206247456247455,1.0
Original WCM,pr,0.05,0.5555555555555555,0.19206247456247455,1.0
Original WCM,pr,0.06,0.5555555555555555,0.19206247456247455,1.0
Original WCM,pr,0.07,0.5555555555555555,0.19206247456247455,1.0
Original WCM,pr,0.08,0.5555555555555555,0.19206247456247455,1.0
Original WCM,pr,0.09,0.5555555555555555,0.19206247456247455,1.0
Original WCM,pr,0.1,0.5555555555555555,0.19206247456247455,1.0
Original WCM,pr,0.11,0.5555555555555555,0.19206247456247455,1.0
Original WCM,pr,0.12,0.5555555555555555,0.19206247456247455,1.0
Original WCM,pr,0.13,0.5555555555555555,0.19206247456247455,1.0
Original WCM,pr,0.14,0.5555555555555555,0.19206247456247455,1.0
Original WCM,pr,0.15,0.5555555555555555,0.19206247456247455,1.0
Original WCM,pr,0.16,0.5555555555555555,0.19206247456247455,1.0
Original WCM,pr,0.17,0.5555555555555555,0.19206247456247455,1.0
Original WCM,pr,0.18,0.5555555555555555,0.19206247456247455,1.0
Original WCM,pr,0.19,0.5555555555555555,0.19206247456247455,1.0
Original WCM,pr,0.2,0.5555555555555555,0.19206247456247455,1.0
Original WCM,pr,0.21,0.37777777777777777,0.24579124579124578,1.0
Original WCM,pr,0.22,0.37777777777777777,0.24579124579124578,1.0
Original WCM,pr,0.23,0.37777777777777777,0.24579124579124578,1.0
Original WCM,pr,0.24,0.37777777777777777,0.24579124579124578,1.0
Original WCM,pr,0.25,0.37777777777777777,0.24579124579124578,1.0
Original WCM,pr,0.26,0.37777777777777777,0.24579124579124578,1.0
Original WCM,pr,0.27,0.37777777777777777,0.24579124579124578,1.0
Original WCM,pr,0.28,0.37777777777777777,0.24579124579124578,1.0
Original WCM,pr,0.29,0.37777777777777777,0.24579124579124578,1.0
Original WCM,pr,0.3,0.37777777777777777,0.24579124579124578,1.0
Original WCM,pr,0.31,0.37777777777777777,0.24579124579124578,1.0
Original WCM,pr,0.32,0.37777777777777777,0.24579124579124578,1.0
Original WCM,pr,0.33,0.37777777777777777,0.24579124579124578,1.0
Original WCM,pr,0.34,0.37777777777777777,0.24579124579124578,1.0
Original WCM,pr,0.35000000000000003,0.37777777777777777,0.24579124579124578,1.0
Original WCM,pr,0.36,0.37777777777777777,0.24579124579124578,1.0
Original WCM,pr,0.37,0.37777777777777777,0.24579124579124578,1.0
Original WCM,pr,0.38,0.37777777777777777,0.24579124579124578,1.0
Original WCM,pr,0.39,0.37777777777777777,0.24579124579124578,1.0
Original WCM,pr,0.4,0.37777777777777777,0.24579124579124578,1.0
Original WCM,pr,0.41000000000000003,0.39166666666666666,0.29924242424242425,0.7916666666666666
Original WCM,pr,0.42,0.39166666666666666,0.29924242424242425,0.7916666666666666
Original WCM,pr,0.43,0.39166666666666666,0.29924242424242425,0.7916666666666666
Original WCM,pr,0.44,0.39166666666666666,0.29924242424242425,0.7916666666666666
Original WCM,pr,0.45,0.39166666666666666,0.29924242424242425,0.7916666666666666
Original WCM,pr,0.46,0.39166666666666666,0.29924242424242425,0.7916666666666666
Original WCM,pr,0.47000000000000003,0.39166666666666666,0.29924242424242425,0.7916666666666666
Original WCM,pr,0.48,0.39166666666666666,0.29924242424242425,0.7916666666666666
Original WCM,pr,0.49,0.39166666666666666,0.29924242424242425,0.7916666666666666
Original WCM,pr,0.5,0.39166666666666666,0.29924242424242425,0.7916666666666666
Original WCM,pr,0.51,0.39166666666666666,0.29924242424242425,0.7916666666666666
Original WCM,pr,0.52,0.39166666666666666,0.29924242424242425,0.7916666666666666
Original WCM,pr,0.53,0.39166666666666666,0.29924242424242425,0.7916666666666666
Original WCM,pr,0.54,0.39166666666666666,0.29924242424242425,0.7916666666666666
Original WCM,pr,0.55,0.39166666666666666,0.29924242424242425,0.7916666666666666
Original WCM,pr,0.56,0.39166666666666666,0.29924242424242425,0.7916666666666666
Original WCM,pr,0.5700000000000001,0.39166666666666666,0.29924242424242425,0.7916666666666666
Original WCM,pr,0.58,0.39166666666666666,0.29924242424242425,0.7916666666666666
Original WCM,pr,0.59,0.39166666666666666,0.29924242424242425,0.7916666666666666
Original WCM,pr,0.6,0.39166666666666666,0.29924242424242425,0.7916666666666666
Original WCM,pr,0.61,0.4212121212121212,0.34977189477189474,0.6845403439153441
Original WCM,pr,0.62,0.4212121212121212,0.34977189477189474,0.6845403439153441
Original WCM,pr,0.63,0.4212121212121212,0.34977189477189474,0.6845403439153441
Original WCM,pr,0.64,0.4212121212121212,0.34977189477189474,0.6845403439153441
Original WCM,pr,0.65,0.4212121212121212,0.34977189477189474,0.6845403439153441
Original WCM,pr,0.66,0.4212121212121212,0.34977189477189474,0.6845403439153441
Original WCM,pr,0.67,0.4212121212121212,0.34977189477189474,0.6845403439153441
Original WCM,pr,0.68,0.4212121212121212,0.34977189477189474,0.6845403439153441
Original WCM,pr,0.6900000000000001,0.4212121212121212,0.34977189477189474,0.6845403439153441
Original WCM,pr,0.7000000000000001,0.4212121212121212,0.34977189477189474,0.6845403439153441
Original WCM,pr,0.71,0.4212121212121212,0.34977189477189474,0.6845403439153441
Original WCM,pr,0.72,0.4212121212121212,0.34977189477189474,0.6845403439153441
Original WCM,pr,0.73,0.4212121212121212,0.34977189477189474,0.6845403439153441
Original WCM,pr,0.74,0.4212121212121212,0.34977189477189474,0.6845403439153441
Original WCM,pr,0.75,0.4212121212121212,0.34977189477189474,0.6845403439153441
Original WCM,pr,0.76,0.4212121212121212,0.34977189477189474,0.6845403439153441
Original WCM,pr,0.77,0.4212121212121212,0.34977189477189474,0.6845403439153441
Original WCM,pr,0.78,0.4212121212121212,0.34977189477189474,0.6845403439153441
Original WCM,pr,0.79,0.4212121212121212,0.34977189477189474,0.6845403439153441
Original WCM,pr,0.8,0.4212121212121212,0.34977189477189474,0.6845403439153441
Original WCM,pr,0.81,0.4755892255892256,0.37545787545787546,0.6547619047619048
Original WCM,pr,0.8200000000000001,0.4755892255892256,0.37545787545787546,0.6547619047619048
Original WCM,pr,0.8300000000000001,0.4755892255892256,0.37545787545787546,0.6547619047619048
Original WCM,pr,0.84,0.4755892255892256,0.37545787545787546,0.6547619047619048
Original WCM,pr,0.85,0.4755892255892256,0.37545787545787546,0.6547619047619048
Original WCM,pr,0.86,0.4755892255892256,0.37545787545787546,0.6547619047619048
Original WCM,pr,0.87,0.4755892255892256,0.37545787545787546,0.6547619047619048
Original WCM,pr,0.88,0.4755892255892256,0.37545787545787546,0.6547619047619048
Original WCM,pr,0.89,0.4755892255892256,0.37545787545787546,0.6547619047619048
Original WCM,pr,0.9,0.4755892255892256,0.37545787545787546,0.6547619047619048
Original WCM,pr,0.91,0.4755892255892256,0.37545787545787546,0.6547619047619048
Original WCM,pr,0.92,0.4755892255892256,0.37545787545787546,0.6547619047619048
Original WCM,pr,0.93,0.4755892255892256,0.37545787545787546,0.6547619047619048
Original WCM,pr,0.9400000000000001,0.4755892255892256,0.37545787545787546,0.6547619047619048
Original WCM,pr,0.9500000000000001,0.4755892255892256,0.37545787545787546,0.6547619047619048
Original WCM,pr,0.96,0.4755892255892256,0.37545787545787546,0.6547619047619048
Original WCM,pr,0.97,0.4755892255892256,0.37545787545787546,0.6547619047619048
Original WCM,pr,0.98,0.4755892255892256,0.37545787545787546,0.6547619047619048
Original WCM,pr,0.99,0.4755892255892256,0.37545787545787546,0.6547619047619048
Original WCM,pr,1.0,0.4755892255892256,0.37545787545787546,0.6547619047619048
SpaceTime H120,roc,0.0,1.0,1.0,1.0
SpaceTime H120,roc,0.01,1.0,1.0,1.0
SpaceTime H120,roc,0.02,1.0,1.0,1.0
SpaceTime H120,roc,0.03,1.0,1.0,1.0
SpaceTime H120,roc,0.04,1.0,1.0,1.0
SpaceTime H120,roc,0.05,1.0,1.0,1.0
SpaceTime H120,roc,0.06,1.0,1.0,1.0
SpaceTime H120,roc,0.07,1.0,1.0,1.0
SpaceTime H120,roc,0.08,1.0,1.0,1.0
SpaceTime H120,roc,0.09,1.0,1.0,1.0
SpaceTime H120,roc,0.1,1.0,1.0,1.0
SpaceTime H120,roc,0.11,1.0,1.0,1.0
SpaceTime H120,roc,0.12,1.0,1.0,1.0
SpaceTime H120,roc,0.13,1.0,1.0,1.0
SpaceTime H120,roc,0.14,1.0,1.0,1.0
SpaceTime H120,roc,0.15,1.0,1.0,1.0
SpaceTime H120,roc,0.16,1.0,1.0,1.0
SpaceTime H120,roc,0.17,1.0,1.0,1.0
SpaceTime H120,roc,0.18,1.0,1.0,1.0
SpaceTime H120,roc,0.19,1.0,1.0,1.0
SpaceTime H120,roc,0.2,1.0,1.0,1.0
SpaceTime H120,roc,0.21,1.0,1.0,1.0
SpaceTime H120,roc,0.22,1.0,1.0,1.0
SpaceTime H120,roc,0.23,1.0,1.0,1.0
SpaceTime H120,roc,0.24,1.0,1.0,1.0
SpaceTime H120,roc,0.25,1.0,1.0,1.0
SpaceTime H120,roc,0.26,1.0,1.0,1.0
SpaceTime H120,roc,0.27,1.0,1.0,1.0
SpaceTime H120,roc,0.28,1.0,1.0,1.0
SpaceTime H120,roc,0.29,1.0,1.0,1.0
SpaceTime H120,roc,0.3,1.0,1.0,1.0
SpaceTime H120,roc,0.31,1.0,1.0,1.0
SpaceTime H120,roc,0.32,1.0,1.0,1.0
SpaceTime H120,roc,0.33,1.0,1.0,1.0
SpaceTime H120,roc,0.34,1.0,1.0,1.0
SpaceTime H120,roc,0.35000000000000003,1.0,1.0,1.0
SpaceTime H120,roc,0.36,1.0,1.0,1.0
SpaceTime H120,roc,0.37,1.0,1.0,1.0
SpaceTime H120,roc,0.38,1.0,1.0,1.0
SpaceTime H120,roc,0.39,1.0,1.0,1.0
SpaceTime H120,roc,0.4,1.0,1.0,1.0
SpaceTime H120,roc,0.41000000000000003,1.0,1.0,1.0
SpaceTime H120,roc,0.42,1.0,1.0,1.0
SpaceTime H120,roc,0.43,1.0,1.0,1.0
SpaceTime H120,roc,0.44,1.0,1.0,1.0
SpaceTime H120,roc,0.45,1.0,1.0,1.0
SpaceTime H120,roc,0.46,1.0,1.0,1.0
SpaceTime H120,roc,0.47000000000000003,1.0,1.0,1.0
SpaceTime H120,roc,0.48,1.0,1.0,1.0
SpaceTime H120,roc,0.49,1.0,1.0,1.0
SpaceTime H120,roc,0.5,1.0,1.0,1.0
SpaceTime H120,roc,0.51,1.0,1.0,1.0
SpaceTime H120,roc,0.52,1.0,1.0,1.0
SpaceTime H120,roc,0.53,1.0,1.0,1.0
SpaceTime H120,roc,0.54,1.0,1.0,1.0
SpaceTime H120,roc,0.55,1.0,1.0,1.0
SpaceTime H120,roc,0.56,1.0,1.0,1.0
SpaceTime H120,roc,0.5700000000000001,1.0,1.0,1.0
SpaceTime H120,roc,0.58,1.0,1.0,1.0
SpaceTime H120,roc,0.59,1.0,1.0,1.0
SpaceTime H120,roc,0.6,1.0,1.0,1.0
SpaceTime H120,roc,0.61,1.0,1.0,1.0
SpaceTime H120,roc,0.62,1.0,1.0,1.0
SpaceTime H120,roc,0.63,1.0,1.0,1.0
SpaceTime H120,roc,0.64,1.0,1.0,1.0
SpaceTime H120,roc,0.65,1.0,1.0,1.0
SpaceTime H120,roc,0.66,1.0,1.0,1.0
SpaceTime H120,roc,0.67,1.0,1.0,1.0
SpaceTime H120,roc,0.68,1.0,1.0,1.0
SpaceTime H120,roc,0.6900000000000001,1.0,1.0,1.0
SpaceTime H120,roc,0.7000000000000001,1.0,1.0,1.0
SpaceTime H120,roc,0.71,1.0,1.0,1.0
SpaceTime H120,roc,0.72,1.0,1.0,1.0
SpaceTime H120,roc,0.73,1.0,1.0,1.0
SpaceTime H120,roc,0.74,1.0,1.0,1.0
SpaceTime H120,roc,0.75,1.0,1.0,1.0
SpaceTime H120,roc,0.76,1.0,1.0,1.0
SpaceTime H120,roc,0.77,1.0,1.0,1.0
SpaceTime H120,roc,0.78,1.0,1.0,1.0
SpaceTime H120,roc,0.79,1.0,1.0,1.0
SpaceTime H120,roc,0.8,1.0,1.0,1.0
SpaceTime H120,roc,0.81,1.0,1.0,1.0
SpaceTime H120,roc,0.8200000000000001,1.0,1.0,1.0
SpaceTime H120,roc,0.8300000000000001,1.0,1.0,1.0
SpaceTime H120,roc,0.84,1.0,1.0,1.0
SpaceTime H120,roc,0.85,1.0,1.0,1.0
SpaceTime H120,roc,0.86,1.0,1.0,1.0
SpaceTime H120,roc,0.87,1.0,1.0,1.0
SpaceTime H120,roc,0.88,1.0,1.0,1.0
SpaceTime H120,roc,0.89,1.0,1.0,1.0
SpaceTime H120,roc,0.9,1.0,1.0,1.0
SpaceTime H120,roc,0.91,1.0,1.0,1.0
SpaceTime H120,roc,0.92,1.0,1.0,1.0
SpaceTime H120,roc,0.93,1.0,1.0,1.0
SpaceTime H120,roc,0.9400000000000001,1.0,1.0,1.0
SpaceTime H120,roc,0.9500000000000001,1.0,1.0,1.0
SpaceTime H120,roc,0.96,1.0,1.0,1.0
SpaceTime H120,roc,0.97,1.0,1.0,1.0
SpaceTime H120,roc,0.98,1.0,1.0,1.0
SpaceTime H120,roc,0.99,1.0,1.0,1.0
SpaceTime H120,roc,1.0,1.0,1.0,1.0
SpaceTime H120,pr,0.0,1.0,1.0,1.0
SpaceTime H120,pr,0.01,1.0,1.0,1.0
SpaceTime H120,pr,0.02,1.0,1.0,1.0
SpaceTime H120,pr,0.03,1.0,1.0,1.0
SpaceTime H120,pr,0.04,1.0,1.0,1.0
SpaceTime H120,pr,0.05,1.0,1.0,1.0
SpaceTime H120,pr,0.06,1.0,1.0,1.0
SpaceTime H120,pr,0.07,1.0,1.0,1.0
SpaceTime H120,pr,0.08,1.0,1.0,1.0
SpaceTime H120,pr,0.09,1.0,1.0,1.0
SpaceTime H120,pr,0.1,1.0,1.0,1.0
SpaceTime H120,pr,0.11,1.0,1.0,1.0
SpaceTime H120,pr,0.12,1.0,1.0,1.0
SpaceTime H120,pr,0.13,1.0,1.0,1.0
SpaceTime H120,pr,0.14,1.0,1.0,1.0
SpaceTime H120,pr,0.15,1.0,1.0,1.0
SpaceTime H120,pr,0.16,1.0,1.0,1.0
SpaceTime H120,pr,0.17,1.0,1.0,1.0
SpaceTime H120,pr,0.18,1.0,1.0,1.0
SpaceTime H120,pr,0.19,1.0,1.0,1.0
SpaceTime H120,pr,0.2,1.0,1.0,1.0
SpaceTime H120,pr,0.21,1.0,1.0,1.0
SpaceTime H120,pr,0.22,1.0,1.0,1.0
SpaceTime H120,pr,0.23,1.0,1.0,1.0
SpaceTime H120,pr,0.24,1.0,1.0,1.0
SpaceTime H120,pr,0.25,1.0,1.0,1.0
SpaceTime H120,pr,0.26,1.0,1.0,1.0
SpaceTime H120,pr,0.27,1.0,1.0,1.0
SpaceTime H120,pr,0.28,1.0,1.0,1.0
SpaceTime H120,pr,0.29,1.0,1.0,1.0
SpaceTime H120,pr,0.3,1.0,1.0,1.0
SpaceTime H120,pr,0.31,1.0,1.0,1.0
SpaceTime H120,pr,0.32,1.0,1.0,1.0
SpaceTime H120,pr,0.33,1.0,1.0,1.0
SpaceTime H120,pr,0.34,1.0,1.0,1.0
SpaceTime H120,pr,0.35000000000000003,1.0,1.0,1.0
SpaceTime H120,pr,0.36,1.0,1.0,1.0
SpaceTime H120,pr,0.37,1.0,1.0,1.0
SpaceTime H120,pr,0.38,1.0,1.0,1.0
SpaceTime H120,pr,0.39,1.0,1.0,1.0
SpaceTime H120,pr,0.4,1.0,1.0,1.0
SpaceTime H120,pr,0.41000000000000003,1.0,1.0,1.0
SpaceTime H120,pr,0.42,1.0,1.0,1.0
SpaceTime H120,pr,0.43,1.0,1.0,1.0
SpaceTime H120,pr,0.44,1.0,1.0,1.0
SpaceTime H120,pr,0.45,1.0,1.0,1.0
SpaceTime H120,pr,0.46,1.0,1.0,1.0
SpaceTime H120,pr,0.47000000000000003,1.0,1.0,1.0
SpaceTime H120,pr,0.48,1.0,1.0,1.0
SpaceTime H120,pr,0.49,1.0,1.0,1.0
SpaceTime H120,pr,0.5,1.0,1.0,1.0
SpaceTime H120,pr,0.51,1.0,1.0,1.0
SpaceTime H120,pr,0.52,1.0,1.0,1.0
SpaceTime H120,pr,0.53,1.0,1.0,1.0
SpaceTime H120,pr,0.54,1.0,1.0,1.0
SpaceTime H120,pr,0.55,1.0,1.0,1.0
SpaceTime H120,pr,0.56,1.0,1.0,1.0
SpaceTime H120,pr,0.5700000000000001,1.0,1.0,1.0
SpaceTime H120,pr,0.58,1.0,1.0,1.0
SpaceTime H120,pr,0.59,1.0,1.0,1.0
SpaceTime H120,pr,0.6,1.0,1.0,1.0
SpaceTime H120,pr,0.61,1.0,1.0,1.0
SpaceTime H120,pr,0.62,1.0,1.0,1.0
SpaceTime H120,pr,0.63,1.0,1.0,1.0
SpaceTime H120,pr,0.64,1.0,1.0,1.0
SpaceTime H120,pr,0.65,1.0,1.0,1.0
SpaceTime H120,pr,0.66,1.0,1.0,1.0
SpaceTime H120,pr,0.67,1.0,1.0,1.0
SpaceTime H120,pr,0.68,1.0,1.0,1.0
SpaceTime H120,pr,0.6900000000000001,1.0,1.0,1.0
SpaceTime H120,pr,0.7000000000000001,1.0,1.0,1.0
SpaceTime H120,pr,0.71,1.0,1.0,1.0
SpaceTime H120,pr,0.72,1.0,1.0,1.0
SpaceTime H120,pr,0.73,1.0,1.0,1.0
SpaceTime H120,pr,0.74,1.0,1.0,1.0
SpaceTime H120,pr,0.75,1.0,1.0,1.0
SpaceTime H120,pr,0.76,1.0,1.0,1.0
SpaceTime H120,pr,0.77,1.0,1.0,1.0
SpaceTime H120,pr,0.78,1.0,1.0,1.0
SpaceTime H120,pr,0.79,1.0,1.0,1.0
SpaceTime H120,pr,0.8,1.0,1.0,1.0
SpaceTime H120,pr,0.81,1.0,1.0,1.0
SpaceTime H120,pr,0.8200000000000001,1.0,1.0,1.0
SpaceTime H120,pr,0.8300000000000001,1.0,1.0,1.0
SpaceTime H120,pr,0.84,1.0,1.0,1.0
SpaceTime H120,pr,0.85,1.0,1.0,1.0
SpaceTime H120,pr,0.86,1.0,1.0,1.0
SpaceTime H120,pr,0.87,1.0,1.0,1.0
SpaceTime H120,pr,0.88,1.0,1.0,1.0
SpaceTime H120,pr,0.89,1.0,1.0,1.0
SpaceTime H120,pr,0.9,1.0,1.0,1.0
SpaceTime H120,pr,0.91,1.0,1.0,1.0
SpaceTime H120,pr,0.92,1.0,1.0,1.0
SpaceTime H120,pr,0.93,1.0,1.0,1.0
SpaceTime H120,pr,0.9400000000000001,1.0,1.0,1.0
SpaceTime H120,pr,0.9500000000000001,1.0,1.0,1.0
SpaceTime H120,pr,0.96,1.0,1.0,1.0
SpaceTime H120,pr,0.97,1.0,1.0,1.0
SpaceTime H120,pr,0.98,1.0,1.0,1.0
SpaceTime H120,pr,0.99,1.0,1.0,1.0
SpaceTime H120,pr,1.0,1.0,1.0,1.0
