episode_progress,episode_id,true_failure,failure_score,seed
0%,12,0,3.2895266510735155e-09,3072
0%,14,0,4.769892480993576e-09,3072
0%,50,0,5.384632739691142e-09,3072
0%,58,0,6.535332719437292e-09,3072
0%,77,0,7.607684260335645e-09,3072
0%,88,0,7.744337615633867e-09,3072
0%,96,0,8.275738316854131e-09,3072
0%,103,0,6.685912268267202e-09,3072
0%,108,0,7.675004631835236e-09,3072
0%,109,0,6.931209828309193e-09,3072
0%,114,0,6.271567709603687e-09,3072
0%,118,0,6.4446230574333185e-09,3072
0%,120,0,5.953746384790293e-09,3072
0%,138,1,1.0,3072
0%,148,1,1.0,3072
0%,150,1,1.0,3072
0%,163,1,1.0,3072
0%,165,1,1.0,3072
50%,12,0,3.647055990541048e-08,3072
50%,14,0,4.272924236659037e-09,3072
50%,50,0,2.739557691811001e-09,3072
50%,58,0,1.0403649497447987e-08,3072
50%,77,0,6.289357035171861e-09,3072
50%,88,0,1.4375847179337597e-08,3072
50%,96,0,1.1209509764853465e-08,3072
50%,103,0,4.103098305563435e-09,3072
50%,108,0,1.876284017043872e-08,3072
50%,109,0,9.564367076109193e-09,3072
50%,114,0,2.058709869245945e-09,3072
50%,118,0,7.653335742929812e-10,3072
50%,120,0,1.9595660649684987e-09,3072
50%,138,1,1.0,3072
50%,148,1,1.0,3072
50%,150,1,1.0,3072
50%,163,1,1.0,3072
50%,165,1,1.0,3072
75%,12,0,6.974797406300581e-10,3072
75%,14,0,4.797950481361113e-09,3072
75%,50,0,6.54064136185184e-10,3072
75%,58,0,1.3553467237414907e-09,3072
75%,77,0,6.15981765594853e-10,3072
75%,88,0,1.883238676114729e-09,3072
75%,96,0,3.1537708000684006e-09,3072
75%,103,0,6.730627166717795e-10,3072
75%,108,0,1.9110426574542316e-09,3072
75%,109,0,1.7006245300876799e-09,3072
75%,114,0,2.609924276697484e-09,3072
75%,118,0,1.629018520077352e-08,3072
75%,120,0,8.421640607103598e-10,3072
75%,138,1,1.0,3072
75%,148,1,1.0,3072
75%,150,1,1.0,3072
75%,163,1,1.0,3072
75%,165,1,1.0,3072
